{"@type": "_bws.portfolio.returns.ReturnData", "eightYear": 2.028828689842716, "eightYearAnnualized": 0.14857494617587141, "fiveYear": 0.8334790969151892, "fiveYearAnnualized": 0.12889927104494792, "fourYear": 0.8443056338881392, "fourYearAnnualized": 0.165354944628193, "nineMonth": 0.2545270211058444, "nineYear": 2.015195578549846, "nineYearAnnualized": 0.13046540496327963, "oneMonth": 0.047875260458126956, "oneYear": 0.42042647211330686, "oneYearAnnualized": 0.42042647211330686, "sevenYear": 1.6036820023587848, "sevenYearAnnualized": 0.14648850799505464, "sinceStartDate": 13.35505569906821, "sinceStartDateAnnualized": 0.1603333571397374, "sixMonth": 0.18372644357242882, "sixYear": 1.0796714408991024, "sixYearAnnualized": 0.1297936288264001, "tenYear": 2.191040390318725, "tenYearAnnualized": 0.12303484130405651, "threeMonth": 0.15709940854698237, "threeYear": 0.6716480123554, "threeYearAnnualized": 0.18681113432124152, "twoYear": 0.265948367011379, "twoYearAnnualized": 0.12514370949287135, "yearToDate": 0.42042647211330686, "asOfDate": 20191231, "drawdown": 0, "level": 14.35505569906821, "placeholder": false}{"@type": "_bws.portfolio.returns.ReturnData", "eightYear": 2.028828689842716, "eightYearAnnualized": 0.14857494617587141, "fiveYear": 0.8334790969151892, "fiveYearAnnualized": 0.12889927104494792, "fourYear": 0.8443056338881392, "fourYearAnnualized": 0.165354944628193, "nineMonth": 0.2545270211058444, "nineYear": 2.015195578549846, "nineYearAnnualized": 0.13046540496327963, "oneMonth": 0.047875260458126956, "oneYear": 0.42042647211330686, "oneYearAnnualized": 0.42042647211330686, "sevenYear": 1.6036820023587848, "sevenYearAnnualized": 0.14648850799505464, "sinceStartDate": 13.35505569906821, "sinceStartDateAnnualized": 0.1603333571397374, "sixMonth": 0.18372644357242882, "sixYear": 1.0796714408991024, "sixYearAnnualized": 0.1297936288264001, "tenYear": 2.191040390318725, "tenYearAnnualized": 0.12303484130405651, "threeMonth": 0.15709940854698237, "threeYear": 0.6716480123554, "threeYearAnnualized": 0.18681113432124152, "twoYear": 0.265948367011379, "twoYearAnnualized": 0.12514370949287135, "yearToDate": 0.42042647211330686, "asOfDate": 20191231, "drawdown": 0, "level": 14.35505569906821, "placeholder": false}{"@type": "_bws.portfolio.returns.ReturnData", "eightYear": 2.028828689842716, "eightYearAnnualized": 0.14857494617587141, "fiveYear": 0.8334790969151892, "fiveYearAnnualized": 0.12889927104494792, "fourYear": 0.8443056338881392, "fourYearAnnualized": 0.165354944628193, "nineMonth": 0.2545270211058444, "nineYear": 2.015195578549846, "nineYearAnnualized": 0.13046540496327963, "oneMonth": 0.047875260458126956, "oneYear": 0.42042647211330686, "oneYearAnnualized": 0.42042647211330686, "sevenYear": 1.6036820023587848, "sevenYearAnnualized": 0.14648850799505464, "sinceStartDate": 13.35505569906821, "sinceStartDateAnnualized": 0.1603333571397374, "sixMonth": 0.18372644357242882, "sixYear": 1.0796714408991024, "sixYearAnnualized": 0.1297936288264001, "tenYear": 2.191040390318725, "tenYearAnnualized": 0.12303484130405651, "threeMonth": 0.15709940854698237, "threeYear": 0.6716480123554, "threeYearAnnualized": 0.18681113432124152, "twoYear": 0.265948367011379, "twoYearAnnualized": 0.12514370949287135, "yearToDate": 0.42042647211330686, "asOfDate": 20191231, "drawdown": 0, "level": 14.35505569906821, "placeholder": false}{"@type": "_bws.portfolio.returns.ReturnData", "eightYear": 2.028828689842716, "eightYearAnnualized": 0.14857494617587141, "fiveYear": 0.8334790969151892, "fiveYearAnnualized": 0.12889927104494792, "fourYear": 0.8443056338881392, "fourYearAnnualized": 0.165354944628193, "nineMonth": 0.2545270211058444, "nineYear": 2.015195578549846, "nineYearAnnualized": 0.13046540496327963, "oneMonth": 0.047875260458126956, "oneYear": 0.42042647211330686, "oneYearAnnualized": 0.42042647211330686, "sevenYear": 1.6036820023587848, "sevenYearAnnualized": 0.14648850799505464, "sinceStartDate": 13.35505569906821, "sinceStartDateAnnualized": 0.1603333571397374, "sixMonth": 0.18372644357242882, "sixYear": 1.0796714408991024, "sixYearAnnualized": 0.1297936288264001, "tenYear": 2.191040390318725, "tenYearAnnualized": 0.12303484130405651, "threeMonth": 0.15709940854698237, "threeYear": 0.6716480123554, "threeYearAnnualized": 0.18681113432124152, "twoYear": 0.265948367011379, "twoYearAnnualized": 0.12514370949287135, "yearToDate": 0.42042647211330686, "asOfDate": 20191231, "drawdown": 0, "level": 14.35505569906821, "placeholder": false}{"@type": "_bws.portfolio.returns.ReturnData", "eightYear": 2.028828689842716, "eightYearAnnualized": 0.14857494617587141, "fiveYear": 0.8334790969151892, "fiveYearAnnualized": 0.12889927104494792, "fourYear": 0.8443056338881392, "fourYearAnnualized": 0.165354944628193, "nineMonth": 0.2545270211058444, "nineYear": 2.015195578549846, "nineYearAnnualized": 0.13046540496327963, "oneMonth": 0.047875260458126956, "oneYear": 0.42042647211330686, "oneYearAnnualized": 0.42042647211330686, "sevenYear": 1.6036820023587848, "sevenYearAnnualized": 0.14648850799505464, "sinceStartDate": 13.35505569906821, "sinceStartDateAnnualized": 0.1603333571397374, "sixMonth": 0.18372644357242882, "sixYear": 1.0796714408991024, "sixYearAnnualized": 0.1297936288264001, "tenYear": 2.191040390318725, "tenYearAnnualized": 0.12303484130405651, "threeMonth": 0.15709940854698237, "threeYear": 0.6716480123554, "threeYearAnnualized": 0.18681113432124152, "twoYear": 0.265948367011379, "twoYearAnnualized": 0.12514370949287135, "yearToDate": 0.42042647211330686, "asOfDate": 20191231, "drawdown": 0, "level": 14.35505569906821, "placeholder": false}{"@type": "_bws.portfolio.returns.ReturnData", "eightYear": 2.028828689842716, "eightYearAnnualized": 0.14857494617587141, "fiveYear": 0.8334790969151892, "fiveYearAnnualized": 0.12889927104494792, "fourYear": 0.8443056338881392, "fourYearAnnualized": 0.165354944628193, "nineMonth": 0.2545270211058444, "nineYear": 2.015195578549846, "nineYearAnnualized": 0.13046540496327963, "oneMonth": 0.047875260458126956, "oneYear": 0.42042647211330686, "oneYearAnnualized": 0.42042647211330686, "sevenYear": 1.6036820023587848, "sevenYearAnnualized": 0.14648850799505464, "sinceStartDate": 13.35505569906821, "sinceStartDateAnnualized": 0.1603333571397374, "sixMonth": 0.18372644357242882, "sixYear": 1.0796714408991024, "sixYearAnnualized": 0.1297936288264001, "tenYear": 2.191040390318725, "tenYearAnnualized": 0.12303484130405651, "threeMonth": 0.15709940854698237, "threeYear": 0.6716480123554, "threeYearAnnualized": 0.18681113432124152, "twoYear": 0.265948367011379, "twoYearAnnualized": 0.12514370949287135, "yearToDate": 0.42042647211330686, "asOfDate": 20191231, "drawdown": 0, "level": 14.35505569906821, "placeholder": false}{"@type": "_bws.portfolio.returns.ReturnData", "eightYear": 2.028828689842716, "eightYearAnnualized": 0.14857494617587141, "fiveYear": 0.8334790969151892, "fiveYearAnnualized": 0.12889927104494792, "fourYear": 0.8443056338881392, "fourYearAnnualized": 0.165354944628193, "nineMonth": 0.2545270211058444, "nineYear": 2.015195578549846, "nineYearAnnualized": 0.13046540496327963, "oneMonth": 0.047875260458126956, "oneYear": 0.42042647211330686, "oneYearAnnualized": 0.42042647211330686, "sevenYear": 1.6036820023587848, "sevenYearAnnualized": 0.14648850799505464, "sinceStartDate": 13.35505569906821, "sinceStartDateAnnualized": 0.1603333571397374, "sixMonth": 0.18372644357242882, "sixYear": 1.0796714408991024, "sixYearAnnualized": 0.1297936288264001, "tenYear": 2.191040390318725, "tenYearAnnualized": 0.12303484130405651, "threeMonth": 0.15709940854698237, "threeYear": 0.6716480123554, "threeYearAnnualized": 0.18681113432124152, "twoYear": 0.265948367011379, "twoYearAnnualized": 0.12514370949287135, "yearToDate": 0.42042647211330686, "asOfDate": 20191231, "drawdown": 0, "level": 14.35505569906821, "placeholder": false}{"@type": "_bws.portfolio.returns.ReturnData", "eightYear": 2.028828689842716,